﻿<?xml version="1.0" encoding="utf-8"?>
<!DOCTYPE predmeti SYSTEM "model.dtd"[]>
<predmeti>
  <predmet id="PR01" obvezen="da" stopnja="VS">
    <naziv>Programiranje 2</naziv>
    <ECTS>6</ECTS>
    <nosilec>dr. Novak</nosilec>
  </predmet>
  <predmet id="PR02" obvezen="ne" stopnja="VS">
    <naziv>Osnove omrežij</naziv>
    <ECTS>5</ECTS>
    <nosilec>mag. Zajc</nosilec>
  </predmet>
  <predmet id="PR03" obvezen="da" stopnja="MAG">
    <naziv>Napredne podatkovne baze</naziv>
    <ECTS>6</ECTS>
    <nosilec>dr. Kovač</nosilec>
  </predmet>
  <predmet id="p4" obvezen="ne" stopnja="VS">
    <naziv>navi</naziv>
    <ECTS>2</ECTS>
    <nosilec>la</nosilec>
  </predmet>
</predmeti>