<!DOCTYPE studenti SYSTEM "model.dtd">
<studenti fakulteta="UM FERI">
    <student id="ST001" letnik="1" stopnja="VS">
        <ime>Eva</ime>
        <priimek>Kranjc</priimek>
        <povprecje>8.4</povprecje>
        <predmetRef ref="PR01"/>
        <predmetRef ref="PR02"/>
    </student>
    <student id="ST002" letnik="2" stopnja="MAG">
        <ime>Luka</ime>
        <priimek>Horvat</priimek>
        <povprecje>7.6</povprecje>
        <predmetRef ref="PR01"/>
        <predmetRef ref="PR03"/>
    </student>
</studenti>
                        