﻿<?xml version="1.0" encoding="UTF-8"?>
<studenti>
  <student id="S1">
    <ime>Ana</ime>
    <priimek>Novak</priimek>
    <vpisnaStevilka>63200001</vpisnaStevilka>
    <letnik>1</letnik>
    <povprecje>8.5</povprecje>
    <predmeti>
      <predmet koda="PR1">
        <naziv>Programiranje 1</naziv>
        <kt>6</kt>
        <ocena>8</ocena>
      </predmet>
      <predmet koda="MAT1">
        <naziv>Matematika 1</naziv>
        <kt>7</kt>
        <ocena>9</ocena>
      </predmet>
    </predmeti>
  </student>

  <student id="S2">
    <ime>Marko</ime>
    <priimek>Kovač</priimek>
    <vpisnaStevilka>63200002</vpisnaStevilka>
    <letnik>1</letnik>
    <povprecje>6.5</povprecje>
    <predmeti>
      <predmet koda="PR1">
        <naziv>Programiranje 1</naziv>
        <kt>6</kt>
        <ocena>6</ocena>
      </predmet>
      <predmet koda="OSN">
        <naziv>Osnove računalništva</naziv>
        <kt>5</kt>
        <ocena>7</ocena>
      </predmet>
    </predmeti>
  </student>

  <student id="S3">
    <ime>Nika</ime>
    <priimek>Zupan</priimek>
    <vpisnaStevilka>63200003</vpisnaStevilka>
    <letnik>3</letnik>
    <povprecje>9.5</povprecje>
    <predmeti>
      <predmet koda="PR1">
        <naziv>Programiranje 1</naziv>
        <kt>6</kt>
        <ocena>10</ocena>
      </predmet>
      <predmet koda="SEN">
        <naziv>Senzorji in merjenja</naziv>
        <kt>5</kt>
        <ocena>9</ocena>
      </predmet>
    </predmeti>
  </student>
</studenti>
